"0","## Convert the simple features"
"0","de_wac_rt_sf <- get_wac_spatial(de_wac_rt)"
"2","Using FIPS code '10' for state 'DE'
"
"1","Downloading: "
"1","16 kB"
"1","     "
"1","Downloading: "
"1","16 kB"
"1","     "
"1","Downloading: "
"1","25 kB"
"1","     "
"1","Downloading: "
"1","25 kB"
"1","     "
"1","Downloading: "
"1","49 kB"
"1","     "
"1","Downloading: "
"1","49 kB"
"1","     "
"1","Downloading: "
"1","65 kB"
"1","     "
"1","Downloading: "
"1","65 kB"
"1","     "
"1","Downloading: "
"1","89 kB"
"1","     "
"1","Downloading: "
"1","89 kB"
"1","     "
"1","Downloading: "
"1","97 kB"
"1","     "
"1","Downloading: "
"1","97 kB"
"1","     "
"1","Downloading: "
"1","120 kB"
"1","     "
"1","Downloading: "
"1","120 kB"
"1","     "
"1","Downloading: "
"1","140 kB"
"1","     "
"1","Downloading: "
"1","140 kB"
"1","     "
"1","Downloading: "
"1","160 kB"
"1","     "
"1","Downloading: "
"1","160 kB"
"1","     "
"1","Downloading: "
"1","160 kB"
"1","     "
"1","Downloading: "
"1","160 kB"
"1","     "
"1","Downloading: "
"1","180 kB"
"1","     "
"1","Downloading: "
"1","180 kB"
"1","     "
"1","Downloading: "
"1","190 kB"
"1","     "
"1","Downloading: "
"1","190 kB"
"1","     "
"1","Downloading: "
"1","210 kB"
"1","     "
"1","Downloading: "
"1","210 kB"
"1","     "
"1","Downloading: "
"1","230 kB"
"1","     "
"1","Downloading: "
"1","230 kB"
"1","     "
"1","Downloading: "
"1","260 kB"
"1","     "
"1","Downloading: "
"1","260 kB"
"1","     "
"1","Downloading: "
"1","280 kB"
"1","     "
"1","Downloading: "
"1","280 kB"
"1","     "
"1","Downloading: "
"1","300 kB"
"1","     "
"1","Downloading: "
"1","300 kB"
"1","     "
"1","Downloading: "
"1","330 kB"
"1","     "
"1","Downloading: "
"1","330 kB"
"1","     "
"1","Downloading: "
"1","340 kB"
"1","     "
"1","Downloading: "
"1","340 kB"
"1","     "
"1","Downloading: "
"1","360 kB"
"1","     "
"1","Downloading: "
"1","360 kB"
"1","     "
"1","Downloading: "
"1","390 kB"
"1","     "
"1","Downloading: "
"1","390 kB"
"1","     "
"1","Downloading: "
"1","410 kB"
"1","     "
"1","Downloading: "
"1","410 kB"
"1","     "
"1","Downloading: "
"1","430 kB"
"1","     "
"1","Downloading: "
"1","430 kB"
"1","     "
"1","Downloading: "
"1","460 kB"
"1","     "
"1","Downloading: "
"1","460 kB"
"1","     "
"1","Downloading: "
"1","470 kB"
"1","     "
"1","Downloading: "
"1","470 kB"
"1","     "
"1","Downloading: "
"1","490 kB"
"1","     "
"1","Downloading: "
"1","490 kB"
"1","     "
"1","Downloading: "
"1","520 kB"
"1","     "
"1","Downloading: "
"1","520 kB"
"1","     "
"1","Downloading: "
"1","540 kB"
"1","     "
"1","Downloading: "
"1","540 kB"
"1","     "
"1","Downloading: "
"1","560 kB"
"1","     "
"1","Downloading: "
"1","560 kB"
"1","     "
"1","Downloading: "
"1","590 kB"
"1","     "
"1","Downloading: "
"1","590 kB"
"1","     "
"1","Downloading: "
"1","600 kB"
"1","     "
"1","Downloading: "
"1","600 kB"
"1","     "
"1","Downloading: "
"1","620 kB"
"1","     "
"1","Downloading: "
"1","620 kB"
"1","     "
"1","Downloading: "
"1","650 kB"
"1","     "
"1","Downloading: "
"1","650 kB"
"1","     "
"1","Downloading: "
"1","670 kB"
"1","     "
"1","Downloading: "
"1","670 kB"
"1","     "
"1","Downloading: "
"1","690 kB"
"1","     "
"1","Downloading: "
"1","690 kB"
"1","     "
"1","Downloading: "
"1","720 kB"
"1","     "
"1","Downloading: "
"1","720 kB"
"1","     "
"1","Downloading: "
"1","730 kB"
"1","     "
"1","Downloading: "
"1","730 kB"
"1","     "
"1","Downloading: "
"1","750 kB"
"1","     "
"1","Downloading: "
"1","750 kB"
"1","     "
"1","Downloading: "
"1","780 kB"
"1","     "
"1","Downloading: "
"1","780 kB"
"1","     "
"1","Downloading: "
"1","810 kB"
"1","     "
"1","Downloading: "
"1","810 kB"
"1","     "
"1","Downloading: "
"1","830 kB"
"1","     "
"1","Downloading: "
"1","830 kB"
"1","     "
"1","Downloading: "
"1","850 kB"
"1","     "
"1","Downloading: "
"1","850 kB"
"1","     "
"1","Downloading: "
"1","880 kB"
"1","     "
"1","Downloading: "
"1","880 kB"
"1","     "
"1","Downloading: "
"1","910 kB"
"1","     "
"1","Downloading: "
"1","910 kB"
"1","     "
"1","Downloading: "
"1","940 kB"
"1","     "
"1","Downloading: "
"1","940 kB"
"1","     "
"1","Downloading: "
"1","950 kB"
"1","     "
"1","Downloading: "
"1","950 kB"
"1","     "
"1","Downloading: "
"1","980 kB"
"1","     "
"1","Downloading: "
"1","980 kB"
"1","     "
"1","Downloading: "
"1","990 kB"
"1","     "
"1","Downloading: "
"1","990 kB"
"1","     "
"1","Downloading: "
"1","1 MB"
"1","     "
"1","Downloading: "
"1","1 MB"
"1","     "
"1","Downloading: "
"1","1 MB"
"1","     "
"1","Downloading: "
"1","1 MB"
"1","     "
"1","Downloading: "
"1","1.1 MB"
"1","     "
"1","Downloading: "
"1","1.1 MB"
"1","     "
"1","Downloading: "
"1","1.1 MB"
"1","     "
"1","Downloading: "
"1","1.1 MB"
"1","     "
"1","Downloading: "
"1","1.1 MB"
"1","     "
"1","Downloading: "
"1","1.1 MB"
"1","     "
"1","Downloading: "
"1","1.1 MB"
"1","     "
"1","Downloading: "
"1","1.1 MB"
"1","     "
"1","Downloading: "
"1","1.2 MB"
"1","     "
"1","Downloading: "
"1","1.2 MB"
"1","     "
"1","Downloading: "
"1","1.2 MB"
"1","     "
"1","Downloading: "
"1","1.2 MB"
"1","     "
"1","Downloading: "
"1","1.2 MB"
"1","     "
"1","Downloading: "
"1","1.2 MB"
"1","     "
"1","Downloading: "
"1","1.3 MB"
"1","     "
"1","Downloading: "
"1","1.3 MB"
"1","     "
"1","Downloading: "
"1","1.3 MB"
"1","     "
"1","Downloading: "
"1","1.3 MB"
"1","     "
"1","Downloading: "
"1","1.3 MB"
"1","     "
"1","Downloading: "
"1","1.3 MB"
"1","     "
"1","Downloading: "
"1","1.4 MB"
"1","     "
"1","Downloading: "
"1","1.4 MB"
"1","     "
"1","Downloading: "
"1","1.4 MB"
"1","     "
"1","Downloading: "
"1","1.4 MB"
"1","     "
"1","Downloading: "
"1","1.4 MB"
"1","     "
"1","Downloading: "
"1","1.4 MB"
"1","     "
"1","Downloading: "
"1","1.5 MB"
"1","     "
"1","Downloading: "
"1","1.5 MB"
"1","     "
"1","Downloading: "
"1","1.5 MB"
"1","     "
"1","Downloading: "
"1","1.5 MB"
"1","     "
"1","Downloading: "
"1","1.5 MB"
"1","     "
"1","Downloading: "
"1","1.5 MB"
"1","     "
"1","Downloading: "
"1","1.6 MB"
"1","     "
"1","Downloading: "
"1","1.6 MB"
"1","     "
"1","Downloading: "
"1","1.6 MB"
"1","     "
"1","Downloading: "
"1","1.6 MB"
"1","     "
"1","Downloading: "
"1","1.6 MB"
"1","     "
"1","Downloading: "
"1","1.6 MB"
"1","     "
"1","Downloading: "
"1","1.7 MB"
"1","     "
"1","Downloading: "
"1","1.7 MB"
"1","     "
"1","Downloading: "
"1","1.7 MB"
"1","     "
"1","Downloading: "
"1","1.7 MB"
"1","     "
"1","Downloading: "
"1","1.7 MB"
"1","     "
"1","Downloading: "
"1","1.7 MB"
"1","     "
"1","Downloading: "
"1","1.8 MB"
"1","     "
"1","Downloading: "
"1","1.8 MB"
"1","     "
"1","Downloading: "
"1","1.8 MB"
"1","     "
"1","Downloading: "
"1","1.8 MB"
"1","     "
"1","Downloading: "
"1","1.8 MB"
"1","     "
"1","Downloading: "
"1","1.8 MB"
"1","     "
"1","Downloading: "
"1","1.9 MB"
"1","     "
"1","Downloading: "
"1","1.9 MB"
"1","     "
"1","Downloading: "
"1","1.9 MB"
"1","     "
"1","Downloading: "
"1","1.9 MB"
"1","     "
"1","Downloading: "
"1","1.9 MB"
"1","     "
"1","Downloading: "
"1","1.9 MB"
"1","     "
"1","Downloading: "
"1","2 MB"
"1","     "
"1","Downloading: "
"1","2 MB"
"1","     "
"1","Downloading: "
"1","2 MB"
"1","     "
"1","Downloading: "
"1","2 MB"
"1","     "
"1","Downloading: "
"1","2 MB"
"1","     "
"1","Downloading: "
"1","2 MB"
"1","     "
"1","Downloading: "
"1","2.1 MB"
"1","     "
"1","Downloading: "
"1","2.1 MB"
"1","     "
"1","Downloading: "
"1","2.1 MB"
"1","     "
"1","Downloading: "
"1","2.1 MB"
"1","     "
"1","Downloading: "
"1","2.1 MB"
"1","     "
"1","Downloading: "
"1","2.1 MB"
"1","     "
"1","Downloading: "
"1","2.1 MB"
"1","     "
"1","Downloading: "
"1","2.1 MB"
"1","     "
"1","Downloading: "
"1","2.2 MB"
"1","     "
"1","Downloading: "
"1","2.2 MB"
"1","     "
"1","Downloading: "
"1","2.2 MB"
"1","     "
"1","Downloading: "
"1","2.2 MB"
"1","     "
"1","Downloading: "
"1","2.3 MB"
"1","     "
"1","Downloading: "
"1","2.3 MB"
"1","     "
"1","Downloading: "
"1","2.3 MB"
"1","     "
"1","Downloading: "
"1","2.3 MB"
"1","     "
"1","Downloading: "
"1","2.3 MB"
"1","     "
"1","Downloading: "
"1","2.3 MB"
"1","     "
"1","Downloading: "
"1","2.3 MB"
"1","     "
"1","Downloading: "
"1","2.3 MB"
"1","     "
"1","Downloading: "
"1","2.4 MB"
"1","     "
"1","Downloading: "
"1","2.4 MB"
"1","     "
"1","Downloading: "
"1","2.4 MB"
"1","     "
"1","Downloading: "
"1","2.4 MB"
"1","     "
"1","Downloading: "
"1","2.4 MB"
"1","     "
"1","Downloading: "
"1","2.4 MB"
"1","     "
"1","Downloading: "
"1","2.5 MB"
"1","     "
"1","Downloading: "
"1","2.5 MB"
"1","     "
"1","Downloading: "
"1","2.5 MB"
"1","     "
"1","Downloading: "
"1","2.5 MB"
"1","     "
"1","Downloading: "
"1","2.5 MB"
"1","     "
"1","Downloading: "
"1","2.5 MB"
"1","     "
"1","Downloading: "
"1","2.6 MB"
"1","     "
"1","Downloading: "
"1","2.6 MB"
"1","     "
"1","Downloading: "
"1","2.6 MB"
"1","     "
"1","Downloading: "
"1","2.6 MB"
"1","     "
"1","Downloading: "
"1","2.6 MB"
"1","     "
"1","Downloading: "
"1","2.6 MB"
"1","     "
"1","Downloading: "
"1","2.7 MB"
"1","     "
"1","Downloading: "
"1","2.7 MB"
"1","     "
"1","Downloading: "
"1","2.7 MB"
"1","     "
"1","Downloading: "
"1","2.7 MB"
"1","     "
"1","Downloading: "
"1","2.7 MB"
"1","     "
"1","Downloading: "
"1","2.7 MB"
"1","     "
"1","Downloading: "
"1","2.8 MB"
"1","     "
"1","Downloading: "
"1","2.8 MB"
"1","     "
"1","Downloading: "
"1","2.8 MB"
"1","     "
"1","Downloading: "
"1","2.8 MB"
"1","     "
"1","Downloading: "
"1","2.8 MB"
"1","     "
"1","Downloading: "
"1","2.8 MB"
"1","     "
"1","Downloading: "
"1","2.8 MB"
"1","     "
"1","Downloading: "
"1","2.8 MB"
"1","     "
"1","Downloading: "
"1","2.9 MB"
"1","     "
"1","Downloading: "
"1","2.9 MB"
"1","     "
"1","Downloading: "
"1","2.9 MB"
"1","     "
"1","Downloading: "
"1","2.9 MB"
"1","     "
"1","Downloading: "
"1","2.9 MB"
"1","     "
"1","Downloading: "
"1","2.9 MB"
"1","     "
"1","Downloading: "
"1","3 MB"
"1","     "
"1","Downloading: "
"1","3 MB"
"1","     "
"1","Downloading: "
"1","3 MB"
"1","     "
"1","Downloading: "
"1","3 MB"
"1","     "
"1","Downloading: "
"1","3 MB"
"1","     "
"1","Downloading: "
"1","3 MB"
"1","     "
"1","Downloading: "
"1","3.1 MB"
"1","     "
"1","Downloading: "
"1","3.1 MB"
"1","     "
"1","Downloading: "
"1","3.1 MB"
"1","     "
"1","Downloading: "
"1","3.1 MB"
"1","     "
"1","Downloading: "
"1","3.1 MB"
"1","     "
"1","Downloading: "
"1","3.1 MB"
"1","     "
"1","Downloading: "
"1","3.2 MB"
"1","     "
"1","Downloading: "
"1","3.2 MB"
"1","     "
"1","Downloading: "
"1","3.2 MB"
"1","     "
"1","Downloading: "
"1","3.2 MB"
"1","     "
"1","Downloading: "
"1","3.2 MB"
"1","     "
"1","Downloading: "
"1","3.2 MB"
"1","     "
"1","Downloading: "
"1","3.3 MB"
"1","     "
"1","Downloading: "
"1","3.3 MB"
"1","     "
"1","Downloading: "
"1","3.3 MB"
"1","     "
"1","Downloading: "
"1","3.3 MB"
"1","     "
"1","Downloading: "
"1","3.3 MB"
"1","     "
"1","Downloading: "
"1","3.3 MB"
"1","     "
"1","Downloading: "
"1","3.4 MB"
"1","     "
"1","Downloading: "
"1","3.4 MB"
"1","     "
"1","Downloading: "
"1","3.4 MB"
"1","     "
"1","Downloading: "
"1","3.4 MB"
"1","     "
"1","Downloading: "
"1","3.4 MB"
"1","     "
"1","Downloading: "
"1","3.4 MB"
"1","     "
"1","Downloading: "
"1","3.5 MB"
"1","     "
"1","Downloading: "
"1","3.5 MB"
"1","     "
"1","Downloading: "
"1","3.5 MB"
"1","     "
"1","Downloading: "
"1","3.5 MB"
"1","     "
"1","Downloading: "
"1","3.5 MB"
"1","     "
"1","Downloading: "
"1","3.5 MB"
"1","     "
"1","Downloading: "
"1","3.6 MB"
"1","     "
"1","Downloading: "
"1","3.6 MB"
"1","     "
"1","Downloading: "
"1","3.6 MB"
"1","     "
"1","Downloading: "
"1","3.6 MB"
"1","     "
"1","Downloading: "
"1","3.6 MB"
"1","     "
"1","Downloading: "
"1","3.6 MB"
"1","     "
"1","Downloading: "
"1","3.6 MB"
"1","     "
"1","Downloading: "
"1","3.6 MB"
"1","     "
"1","Downloading: "
"1","3.7 MB"
"1","     "
"1","Downloading: "
"1","3.7 MB"
"1","     "
"1","Downloading: "
"1","3.7 MB"
"1","     "
"1","Downloading: "
"1","3.7 MB"
"1","     "
"1","Downloading: "
"1","3.7 MB"
"1","     "
"1","Downloading: "
"1","3.7 MB"
"1","     "
"1","Downloading: "
"1","3.8 MB"
"1","     "
"1","Downloading: "
"1","3.8 MB"
"1","     "
"1","Downloading: "
"1","3.8 MB"
"1","     "
"1","Downloading: "
"1","3.8 MB"
"1","     "
"1","Downloading: "
"1","3.8 MB"
"1","     "
"1","Downloading: "
"1","3.8 MB"
"1","     "
"1","Downloading: "
"1","3.9 MB"
"1","     "
"1","Downloading: "
"1","3.9 MB"
"1","     "
"1","Downloading: "
"1","3.9 MB"
"1","     "
"1","Downloading: "
"1","3.9 MB"
"1","     "
"1","Downloading: "
"1","3.9 MB"
"1","     "
"1","Downloading: "
"1","3.9 MB"
"1","     "
"1","Downloading: "
"1","4 MB"
"1","     "
"1","Downloading: "
"1","4 MB"
"1","     "
"1","Downloading: "
"1","4 MB"
"1","     "
"1","Downloading: "
"1","4 MB"
"1","     "
"1","Downloading: "
"1","4 MB"
"1","     "
"1","Downloading: "
"1","4 MB"
"1","     "
"1","Downloading: "
"1","4.1 MB"
"1","     "
"1","Downloading: "
"1","4.1 MB"
"1","     "
"1","Downloading: "
"1","4.1 MB"
"1","     "
"1","Downloading: "
"1","4.1 MB"
"1","     "
"1","Downloading: "
"1","4.1 MB"
"1","     "
"1","Downloading: "
"1","4.1 MB"
"1","     "
"1","Downloading: "
"1","4.2 MB"
"1","     "
"1","Downloading: "
"1","4.2 MB"
"1","     "
"1","Downloading: "
"1","4.2 MB"
"1","     "
"1","Downloading: "
"1","4.2 MB"
"1","     "
"1","Downloading: "
"1","4.2 MB"
"1","     "
"1","Downloading: "
"1","4.2 MB"
"1","     "
"1","Downloading: "
"1","4.3 MB"
"1","     "
"1","Downloading: "
"1","4.3 MB"
"1","     "
"1","Downloading: "
"1","4.3 MB"
"1","     "
"1","Downloading: "
"1","4.3 MB"
"1","     "
"1","Downloading: "
"1","4.3 MB"
"1","     "
"1","Downloading: "
"1","4.3 MB"
"1","     "
"1","Downloading: "
"1","4.4 MB"
"1","     "
"1","Downloading: "
"1","4.4 MB"
"1","     "
"1","Downloading: "
"1","4.4 MB"
"1","     "
"1","Downloading: "
"1","4.4 MB"
"1","     "
"1","Downloading: "
"1","4.4 MB"
"1","     "
"1","Downloading: "
"1","4.4 MB"
"1","     "
"1","Downloading: "
"1","4.5 MB"
"1","     "
"1","Downloading: "
"1","4.5 MB"
"1","     "
"1","Downloading: "
"1","4.5 MB"
"1","     "
"1","Downloading: "
"1","4.5 MB"
"1","     "
"1","Downloading: "
"1","4.5 MB"
"1","     "
"1","Downloading: "
"1","4.5 MB"
"1","     "
"1","Downloading: "
"1","4.6 MB"
"1","     "
"1","Downloading: "
"1","4.6 MB"
"1","     "
"1","Downloading: "
"1","4.6 MB"
"1","     "
"1","Downloading: "
"1","4.6 MB"
"1","     "
"1","Downloading: "
"1","4.6 MB"
"1","     "
"1","Downloading: "
"1","4.6 MB"
"1","     "
"1","Downloading: "
"1","4.7 MB"
"1","     "
"1","Downloading: "
"1","4.7 MB"
"1","     "
"1","Downloading: "
"1","4.7 MB"
"1","     "
"1","Downloading: "
"1","4.7 MB"
"1","     "
"1","Downloading: "
"1","4.7 MB"
"1","     "
"1","Downloading: "
"1","4.7 MB"
"1","     "
"1","Downloading: "
"1","4.8 MB"
"1","     "
"1","Downloading: "
"1","4.8 MB"
"1","     "
"1","Downloading: "
"1","4.8 MB"
"1","     "
"1","Downloading: "
"1","4.8 MB"
"1","     "
"1","Downloading: "
"1","4.8 MB"
"1","     "
"1","Downloading: "
"1","4.8 MB"
"1","     "
"1","Downloading: "
"1","4.9 MB"
"1","     "
"1","Downloading: "
"1","4.9 MB"
"1","     "
"1","Downloading: "
"1","4.9 MB"
"1","     "
"1","Downloading: "
"1","4.9 MB"
"1","     "
"1","Downloading: "
"1","4.9 MB"
"1","     "
"1","Downloading: "
"1","4.9 MB"
"1","     "
"1","Downloading: "
"1","5 MB"
"1","     "
"1","Downloading: "
"1","5 MB"
"1","     "
"1","Downloading: "
"1","5 MB"
"1","     "
"1","Downloading: "
"1","5 MB"
"1","     "
"1","Downloading: "
"1","5 MB"
"1","     "
"1","Downloading: "
"1","5 MB"
"1","     "
"1","Downloading: "
"1","5.1 MB"
"1","     "
"1","Downloading: "
"1","5.1 MB"
"1","     "
"1","Downloading: "
"1","5.1 MB"
"1","     "
"1","Downloading: "
"1","5.1 MB"
"1","     "
"1","Downloading: "
"1","5.1 MB"
"1","     "
"1","Downloading: "
"1","5.1 MB"
"1","     "
"1","Downloading: "
"1","5.1 MB"
"1","     "
"1","Downloading: "
"1","5.1 MB"
"1","     "
"1","Downloading: "
"1","5.2 MB"
"1","     "
"1","Downloading: "
"1","5.2 MB"
"1","     "
"1","Downloading: "
"1","5.2 MB"
"1","     "
"1","Downloading: "
"1","5.2 MB"
"1","     "
"1","Downloading: "
"1","5.2 MB"
"1","     "
"1","Downloading: "
"1","5.2 MB"
"1","     "
"1","Downloading: "
"1","5.3 MB"
"1","     "
"1","Downloading: "
"1","5.3 MB"
"1","     "
"1","Downloading: "
"1","5.3 MB"
"1","     "
"1","Downloading: "
"1","5.3 MB"
"1","     "
"1","Downloading: "
"1","5.3 MB"
"1","     "
"1","Downloading: "
"1","5.3 MB"
"1","     "
"1","Downloading: "
"1","5.4 MB"
"1","     "
"1","Downloading: "
"1","5.4 MB"
"1","     "
"1","Downloading: "
"1","5.4 MB"
"1","     "
"1","Downloading: "
"1","5.4 MB"
"1","     "
"1","Downloading: "
"1","5.4 MB"
"1","     "
"1","Downloading: "
"1","5.4 MB"
"1","     "
"1","Downloading: "
"1","5.5 MB"
"1","     "
"1","Downloading: "
"1","5.5 MB"
"1","     "
"1","Downloading: "
"1","5.5 MB"
"1","     "
"1","Downloading: "
"1","5.5 MB"
"1","     "
"1","Downloading: "
"1","5.5 MB"
"1","     "
"1","Downloading: "
"1","5.5 MB"
"1","     "
"1","Downloading: "
"1","5.6 MB"
"1","     "
"1","Downloading: "
"1","5.6 MB"
"1","     "
"1","Downloading: "
"1","5.6 MB"
"1","     "
"1","Downloading: "
"1","5.6 MB"
"1","     "
"1","Downloading: "
"1","5.6 MB"
"1","     "
"1","Downloading: "
"1","5.6 MB"
"1","     "
"1","Downloading: "
"1","5.7 MB"
"1","     "
"1","Downloading: "
"1","5.7 MB"
"1","     "
"1","Downloading: "
"1","5.7 MB"
"1","     "
"1","Downloading: "
"1","5.7 MB"
"1","     "
"1","Downloading: "
"1","5.7 MB"
"1","     "
"1","Downloading: "
"1","5.7 MB"
"1","     "
"1","Downloading: "
"1","5.8 MB"
"1","     "
"1","Downloading: "
"1","5.8 MB"
"1","     "
"1","Downloading: "
"1","5.8 MB"
"1","     "
"1","Downloading: "
"1","5.8 MB"
"1","     "
"1","Downloading: "
"1","5.8 MB"
"1","     "
"1","Downloading: "
"1","5.8 MB"
"1","     "
"1","Downloading: "
"1","5.9 MB"
"1","     "
"1","Downloading: "
"1","5.9 MB"
"1","     "
"1","Downloading: "
"1","5.9 MB"
"1","     "
"1","Downloading: "
"1","5.9 MB"
"1","     "
"1","Downloading: "
"1","5.9 MB"
"1","     "
"1","Downloading: "
"1","5.9 MB"
"1","     "
"1","Downloading: "
"1","6 MB"
"1","     "
"1","Downloading: "
"1","6 MB"
"1","     "
"1","Downloading: "
"1","6 MB"
"1","     "
"1","Downloading: "
"1","6 MB"
"1","     "
"1","Downloading: "
"1","6 MB"
"1","     "
"1","Downloading: "
"1","6 MB"
"1","     "
"1","Downloading: "
"1","6.1 MB"
"1","     "
"1","Downloading: "
"1","6.1 MB"
"1","     "
"1","Downloading: "
"1","6.1 MB"
"1","     "
"1","Downloading: "
"1","6.1 MB"
"1","     "
"1","Downloading: "
"1","6.1 MB"
"1","     "
"1","Downloading: "
"1","6.1 MB"
"1","     "
"1","Downloading: "
"1","6.2 MB"
"1","     "
"1","Downloading: "
"1","6.2 MB"
"1","     "
"1","Downloading: "
"1","6.2 MB"
"1","     "
"1","Downloading: "
"1","6.2 MB"
"1","     "
"1","Downloading: "
"1","6.2 MB"
"1","     "
"1","Downloading: "
"1","6.2 MB"
"1","     "
"1","Downloading: "
"1","6.3 MB"
"1","     "
"1","Downloading: "
"1","6.3 MB"
"1","     "
"1","Downloading: "
"1","6.3 MB"
"1","     "
"1","Downloading: "
"1","6.3 MB"
"1","     "
"1","Downloading: "
"1","6.3 MB"
"1","     "
"1","Downloading: "
"1","6.3 MB"
"1","     "
"1","Downloading: "
"1","6.4 MB"
"1","     "
"1","Downloading: "
"1","6.4 MB"
"1","     "
"1","Downloading: "
"1","6.4 MB"
"1","     "
"1","Downloading: "
"1","6.4 MB"
"1","     "
"1","Downloading: "
"1","6.4 MB"
"1","     "
"1","Downloading: "
"1","6.4 MB"
"1","     "
"1","Downloading: "
"1","6.4 MB"
"1","     "
"1","Downloading: "
"1","6.4 MB"
"1","     "
"1","Downloading: "
"1","6.5 MB"
"1","     "
"1","Downloading: "
"1","6.5 MB"
"1","     "
"1","Downloading: "
"1","6.5 MB"
"1","     "
"1","Downloading: "
"1","6.5 MB"
"1","     "
"1","Downloading: "
"1","6.6 MB"
"1","     "
"1","Downloading: "
"1","6.6 MB"
"1","     "
"1","Downloading: "
"1","6.6 MB"
"1","     "
"1","Downloading: "
"1","6.6 MB"
"1","     "
"1","Downloading: "
"1","6.6 MB"
"1","     "
"1","Downloading: "
"1","6.6 MB"
"1","     "
"1","Downloading: "
"1","6.6 MB"
"1","     "
"1","Downloading: "
"1","6.6 MB"
"1","     "
"1","Downloading: "
"1","6.7 MB"
"1","     "
"1","Downloading: "
"1","6.7 MB"
"1","     "
"1","Downloading: "
"1","6.7 MB"
"1","     "
"1","Downloading: "
"1","6.7 MB"
"1","     "
"1","Downloading: "
"1","6.7 MB"
"1","     "
"1","Downloading: "
"1","6.7 MB"
"1","     "
"1","Downloading: "
"1","6.8 MB"
"1","     "
"1","Downloading: "
"1","6.8 MB"
"1","     "
"1","Downloading: "
"1","6.8 MB"
"1","     "
"1","Downloading: "
"1","6.8 MB"
"1","     "
"1","Downloading: "
"1","6.8 MB"
"1","     "
"1","Downloading: "
"1","6.8 MB"
"1","     "
"1","Downloading: "
"1","6.9 MB"
"1","     "
"1","Downloading: "
"1","6.9 MB"
"1","     "
"1","Downloading: "
"1","6.9 MB"
"1","     "
"1","Downloading: "
"1","6.9 MB"
"1","     "
"1","Downloading: "
"1","6.9 MB"
"1","     "
"1","Downloading: "
"1","6.9 MB"
"1","     "
"1","Downloading: "
"1","7 MB"
"1","     "
"1","Downloading: "
"1","7 MB"
"1","     "
"1","Downloading: "
"1","7 MB"
"1","     "
"1","Downloading: "
"1","7 MB"
"1","     "
"1","Downloading: "
"1","7 MB"
"1","     "
"1","Downloading: "
"1","7 MB"
"1","     "
"1","Downloading: "
"1","7.1 MB"
"1","     "
"1","Downloading: "
"1","7.1 MB"
"1","     "
"1","Downloading: "
"1","7.1 MB"
"1","     "
"1","Downloading: "
"1","7.1 MB"
"1","     "
"1","Downloading: "
"1","7.1 MB"
"1","     "
"1","Downloading: "
"1","7.1 MB"
"1","     "
"1","Downloading: "
"1","7.2 MB"
"1","     "
"1","Downloading: "
"1","7.2 MB"
"1","     "
"1","Downloading: "
"1","7.2 MB"
"1","     "
"1","Downloading: "
"1","7.2 MB"
"1","     "
"1","Downloading: "
"1","7.2 MB"
"1","     "
"1","Downloading: "
"1","7.2 MB"
"1","     "
"1","Downloading: "
"1","7.3 MB"
"1","     "
"1","Downloading: "
"1","7.3 MB"
"1","     "
"1","Downloading: "
"1","7.3 MB"
"1","     "
"1","Downloading: "
"1","7.3 MB"
"1","     "
"1","Downloading: "
"1","7.3 MB"
"1","     "
"1","Downloading: "
"1","7.3 MB"
"1","     "
"1","Downloading: "
"1","7.4 MB"
"1","     "
"1","Downloading: "
"1","7.4 MB"
"1","     "
"1","Downloading: "
"1","7.4 MB"
"1","     "
"1","Downloading: "
"1","7.4 MB"
"1","     "
"1","Downloading: "
"1","7.4 MB"
"1","     "
"1","Downloading: "
"1","7.4 MB"
"1","     "
"1","Downloading: "
"1","7.5 MB"
"1","     "
"1","Downloading: "
"1","7.5 MB"
"1","     "
"1","Downloading: "
"1","7.5 MB"
"1","     "
"1","Downloading: "
"1","7.5 MB"
"1","     "
"1","Downloading: "
"1","7.5 MB"
"1","     "
"1","Downloading: "
"1","7.5 MB"
"1","     "
"1","Downloading: "
"1","7.6 MB"
"1","     "
"1","Downloading: "
"1","7.6 MB"
"1","     "
"1","Downloading: "
"1","7.6 MB"
"1","     "
"1","Downloading: "
"1","7.6 MB"
"1","     "
"1","Downloading: "
"1","7.6 MB"
"1","     "
"1","Downloading: "
"1","7.6 MB"
"1","     "
"1","Downloading: "
"1","7.7 MB"
"1","     "
"1","Downloading: "
"1","7.7 MB"
"1","     "
"1","Downloading: "
"1","7.7 MB"
"1","     "
"1","Downloading: "
"1","7.7 MB"
"1","     "
"1","Downloading: "
"1","7.7 MB"
"1","     "
"1","Downloading: "
"1","7.7 MB"
"1","     "
"1","Downloading: "
"1","7.8 MB"
"1","     "
"1","Downloading: "
"1","7.8 MB"
"1","     "
"1","Downloading: "
"1","7.8 MB"
"1","     "
"1","Downloading: "
"1","7.8 MB"
"1","     "
"1","Downloading: "
"1","7.8 MB"
"1","     "
"1","Downloading: "
"1","7.8 MB"
"1","     "
"1","Downloading: "
"1","7.9 MB"
"1","     "
"1","Downloading: "
"1","7.9 MB"
"1","     "
"1","Downloading: "
"1","7.9 MB"
"1","     "
"1","Downloading: "
"1","7.9 MB"
"1","     "
"1","Downloading: "
"1","7.9 MB"
"1","     "
"1","Downloading: "
"1","7.9 MB"
"1","     "
"1","Downloading: "
"1","7.9 MB"
"1","     "
"1","Downloading: "
"1","7.9 MB"
"1","     "
"1","Downloading: "
"1","8 MB"
"1","     "
"1","Downloading: "
"1","8 MB"
"1","     "
"1","Downloading: "
"1","8 MB"
"1","     "
"1","Downloading: "
"1","8 MB"
"1","     "
"1","Downloading: "
"1","8 MB"
"1","     "
"1","Downloading: "
"1","8 MB"
"1","     "
"1","Downloading: "
"1","8.1 MB"
"1","     "
"1","Downloading: "
"1","8.1 MB"
"1","     "
"1","Downloading: "
"1","8.1 MB"
"1","     "
"1","Downloading: "
"1","8.1 MB"
"1","     "
"1","Downloading: "
"1","8.1 MB"
"1","     "
"1","Downloading: "
"1","8.1 MB"
"1","     "
"1","Downloading: "
"1","8.2 MB"
"1","     "
"1","Downloading: "
"1","8.2 MB"
"1","     "
"1","Downloading: "
"1","8.2 MB"
"1","     "
"1","Downloading: "
"1","8.2 MB"
"1","     "
"1","Downloading: "
"1","8.2 MB"
"1","     "
"1","Downloading: "
"1","8.2 MB"
"1","     "
"1","Downloading: "
"1","8.3 MB"
"1","     "
"1","Downloading: "
"1","8.3 MB"
"1","     "
"1","Downloading: "
"1","8.3 MB"
"1","     "
"1","Downloading: "
"1","8.3 MB"
"1","     "
"1","Downloading: "
"1","8.3 MB"
"1","     "
"1","Downloading: "
"1","8.3 MB"
"1","     "
"1","Downloading: "
"1","8.4 MB"
"1","     "
"1","Downloading: "
"1","8.4 MB"
"1","     "
"1","Downloading: "
"1","8.4 MB"
"1","     "
"1","Downloading: "
"1","8.4 MB"
"1","     "
"1","Downloading: "
"1","8.4 MB"
"1","     "
"1","Downloading: "
"1","8.4 MB"
"1","     "
"1","Downloading: "
"1","8.5 MB"
"1","     "
"1","Downloading: "
"1","8.5 MB"
"1","     "
"1","Downloading: "
"1","8.5 MB"
"1","     "
"1","Downloading: "
"1","8.5 MB"
"1","     "
"1","Downloading: "
"1","8.5 MB"
"1","     "
"1","Downloading: "
"1","8.5 MB"
"1","     "
"1","Downloading: "
"1","8.6 MB"
"1","     "
"1","Downloading: "
"1","8.6 MB"
"1","     "
"1","Downloading: "
"1","8.6 MB"
"1","     "
"1","Downloading: "
"1","8.6 MB"
"1","     "
"1","Downloading: "
"1","8.6 MB"
"1","     "
"1","Downloading: "
"1","8.6 MB"
"1","     "
"1","Downloading: "
"1","8.7 MB"
"1","     "
"1","Downloading: "
"1","8.7 MB"
"1","     "
"1","Downloading: "
"1","8.7 MB"
"1","     "
"1","Downloading: "
"1","8.7 MB"
"1","     "
"1","Downloading: "
"1","8.7 MB"
"1","     "
"1","Downloading: "
"1","8.7 MB"
"1","     "
"1","Downloading: "
"1","8.8 MB"
"1","     "
"1","Downloading: "
"1","8.8 MB"
"1","     "
"1","Downloading: "
"1","8.8 MB"
"1","     "
"1","Downloading: "
"1","8.8 MB"
"1","     "
"1","Downloading: "
"1","8.8 MB"
"1","     "
"1","Downloading: "
"1","8.8 MB"
"1","     "
"1","Downloading: "
"1","8.9 MB"
"1","     "
"1","Downloading: "
"1","8.9 MB"
"1","     "
"1","Downloading: "
"1","8.9 MB"
"1","     "
"1","Downloading: "
"1","8.9 MB"
"1","     "
"1","Downloading: "
"1","8.9 MB"
"1","     "
"1","Downloading: "
"1","8.9 MB"
"1","     "
"1","Downloading: "
"1","9 MB"
"1","     "
"1","Downloading: "
"1","9 MB"
"1","     "
"1","Downloading: "
"1","9 MB"
"1","     "
"1","Downloading: "
"1","9 MB"
"1","     "
"1","Downloading: "
"1","9 MB"
"1","     "
"1","Downloading: "
"1","9 MB"
"1","     "
"1","Downloading: "
"1","9.1 MB"
"1","     "
"1","Downloading: "
"1","9.1 MB"
"1","     "
"1","Downloading: "
"1","9.1 MB"
"1","     "
"1","Downloading: "
"1","9.1 MB"
"1","     "
"1","Downloading: "
"1","9.1 MB"
"1","     "
"1","Downloading: "
"1","9.1 MB"
"1","     "
"1","Downloading: "
"1","9.2 MB"
"1","     "
"1","Downloading: "
"1","9.2 MB"
"1","     "
"1","Downloading: "
"1","9.2 MB"
"1","     "
"1","Downloading: "
"1","9.2 MB"
"1","     "
"1","Downloading: "
"1","9.2 MB"
"1","     "
"1","Downloading: "
"1","9.2 MB"
"1","     "
"1","Downloading: "
"1","9.3 MB"
"1","     "
"1","Downloading: "
"1","9.3 MB"
"1","     "
"1","Downloading: "
"1","9.3 MB"
"1","     "
"1","Downloading: "
"1","9.3 MB"
"1","     "
"1","Downloading: "
"1","9.3 MB"
"1","     "
"1","Downloading: "
"1","9.3 MB"
"1","     "
"1","Downloading: "
"1","9.4 MB"
"1","     "
"1","Downloading: "
"1","9.4 MB"
"1","     "
"1","Downloading: "
"1","9.4 MB"
"1","     "
"1","Downloading: "
"1","9.4 MB"
"1","     "
"1","Downloading: "
"1","9.4 MB"
"1","     "
"1","Downloading: "
"1","9.4 MB"
"1","     "
"1","Downloading: "
"1","9.4 MB"
"1","     "
"1","Downloading: "
"1","9.4 MB"
"1","     "
"1","Downloading: "
"1","9.5 MB"
"1","     "
"1","Downloading: "
"1","9.5 MB"
"1","     "
"1","Downloading: "
"1","9.5 MB"
"1","     "
"1","Downloading: "
"1","9.5 MB"
"1","     "
"1","Downloading: "
"1","9.5 MB"
"1","     "
"1","Downloading: "
"1","9.5 MB"
"1","     "
"1","Downloading: "
"1","9.6 MB"
"1","     "
"1","Downloading: "
"1","9.6 MB"
"1","     "
"1","Downloading: "
"1","9.6 MB"
"1","     "
"1","Downloading: "
"1","9.6 MB"
"1","     "
"1","Downloading: "
"1","9.6 MB"
"1","     "
"1","Downloading: "
"1","9.6 MB"
"1","     "
"1","Downloading: "
"1","9.7 MB"
"1","     "
"1","Downloading: "
"1","9.7 MB"
"1","     "
"1","Downloading: "
"1","9.7 MB"
"1","     "
"1","Downloading: "
"1","9.7 MB"
"1","     "
"1","Downloading: "
"1","9.7 MB"
"1","     "
"1","Downloading: "
"1","9.7 MB"
"1","     "
"1","Downloading: "
"1","9.8 MB"
"1","     "
"1","Downloading: "
"1","9.8 MB"
"1","     "
"1","Downloading: "
"1","9.8 MB"
"1","     "
"1","Downloading: "
"1","9.8 MB"
"1","     "
"1","Downloading: "
"1","9.8 MB"
"1","     "
"1","Downloading: "
"1","9.8 MB"
"1","     "
"1","Downloading: "
"1","9.9 MB"
"1","     "
"1","Downloading: "
"1","9.9 MB"
"1","     "
"1","Downloading: "
"1","9.9 MB"
"1","     "
"1","Downloading: "
"1","9.9 MB"
"1","     "
"1","Downloading: "
"1","9.9 MB"
"1","     "
"1","Downloading: "
"1","9.9 MB"
"1","     "
"1","Downloading: "
"1","10 MB"
"1","     "
"1","Downloading: "
"1","10 MB"
"1","     "
"1","Downloading: "
"1","10 MB"
"1","     "
"1","Downloading: "
"1","10 MB"
"1","     "
"1","Downloading: "
"1","10 MB"
"1","     "
"1","Downloading: "
"1","10 MB"
"1","     "
"1","Downloading: "
"1","10 MB"
"1","     "
"1","Downloading: "
"1","10 MB"
"1","     "
"1","Downloading: "
"1","10 MB"
"1","     "
"1","Downloading: "
"1","10 MB"
"1","     "
"1","Downloading: "
"1","10 MB"
"1","     "
"1","Downloading: "
"1","10 MB"
"1","     "
"1","Downloading: "
"1","10 MB"
"1","     "
"1","Downloading: "
"1","10 MB"
"1","     "
"1","Downloading: "
"1","10 MB"
"1","     "
"1","Downloading: "
"1","10 MB"
"1","     "
"1","Downloading: "
"1","10 MB"
"1","     "
"1","Downloading: "
"1","10 MB"
"1","     "
"1","Downloading: "
"1","10 MB"
"1","     "
"1","Downloading: "
"1","10 MB"
"1","     "
"1","Downloading: "
"1","10 MB"
"1","     "
"1","Downloading: "
"1","10 MB"
"1","     "
"1","Downloading: "
"1","10 MB"
"1","     "
"1","Downloading: "
"1","10 MB"
"1","     "
"1","Downloading: "
"1","10 MB"
"1","     "
"1","Downloading: "
"1","10 MB"
"1","     "
"1","Downloading: "
"1","10 MB"
"1","     "
"1","Downloading: "
"1","10 MB"
"1","     "
"1","Downloading: "
"1","10 MB"
"1","     "
"1","Downloading: "
"1","10 MB"
"1","     "
"1","Downloading: "
"1","10 MB"
"1","     "
"1","Downloading: "
"1","10 MB"
"1","     "
"1","Downloading: "
"1","10 MB"
"1","     "
"1","Downloading: "
"1","10 MB"
"1","     "
"1","Downloading: "
"1","11 MB"
"1","     "
"1","Downloading: "
"1","11 MB"
"1","     "
"1","Downloading: "
"1","11 MB"
"1","     "
"1","Downloading: "
"1","11 MB"
"1","     "
"1","Downloading: "
"1","11 MB"
"1","     "
"1","Downloading: "
"1","11 MB"
"1","     "
"1","Downloading: "
"1","11 MB"
"1","     "
"1","Downloading: "
"1","11 MB"
"1","     "
"1","Downloading: "
"1","11 MB"
"1","     "
"1","Downloading: "
"1","11 MB"
"1","     "
"1","Downloading: "
"1","11 MB"
"1","     "
"1","Downloading: "
"1","11 MB"
"1","     "
"1","Downloading: "
"1","11 MB"
"1","     "
"1","Downloading: "
"1","11 MB"
"1","     "
"1","Downloading: "
"1","11 MB"
"1","     "
"1","Downloading: "
"1","11 MB"
"1","     "
"1","Downloading: "
"1","11 MB"
"1","     "
"1","Downloading: "
"1","11 MB"
"1","     "
"1","Downloading: "
"1","11 MB"
"1","     "
"1","Downloading: "
"1","11 MB"
"1","     "
"1","Downloading: "
"1","11 MB"
"1","     "
"1","Downloading: "
"1","11 MB"
"1","     "
"1","Downloading: "
"1","11 MB"
"1","     "
"1","Downloading: "
"1","11 MB"
"1","     "
"1","Downloading: "
"1","11 MB"
"1","     "
"1","Downloading: "
"1","11 MB"
"1","     "
"1","Downloading: "
"1","11 MB"
"1","     "
"1","Downloading: "
"1","11 MB"
"1","     "
"1","Downloading: "
"1","11 MB"
"1","     "
"1","Downloading: "
"1","11 MB"
"1","     "
"1","Downloading: "
"1","11 MB"
"1","     "
"1","Downloading: "
"1","11 MB"
"1","     "
"1","Downloading: "
"1","11 MB"
"1","     "
"1","Downloading: "
"1","11 MB"
"1","     "
"1","Downloading: "
"1","11 MB"
"1","     "
"1","Downloading: "
"1","11 MB"
"1","     "
"1","Downloading: "
"1","11 MB"
"1","     "
"1","Downloading: "
"1","11 MB"
"1","     "
"1","Downloading: "
"1","11 MB"
"1","     "
"1","Downloading: "
"1","11 MB"
"1","     "
"1","Downloading: "
"1","11 MB"
"1","     "
"1","Downloading: "
"1","11 MB"
"1","     "
"1","Downloading: "
"1","11 MB"
"1","     "
"1","Downloading: "
"1","11 MB"
"1","     "
"1","Downloading: "
"1","11 MB"
"1","     "
"1","Downloading: "
"1","11 MB"
"1","     "
"1","Downloading: "
"1","11 MB"
"1","     "
"1","Downloading: "
"1","11 MB"
"1","     "
"1","Downloading: "
"1","11 MB"
"1","     "
"1","Downloading: "
"1","11 MB"
"1","     "
"1","Downloading: "
"1","11 MB"
"1","     "
"1","Downloading: "
"1","11 MB"
"1","     "
"1","Downloading: "
"1","11 MB"
"1","     "
"1","Downloading: "
"1","11 MB"
"1","     "
"1","Downloading: "
"1","11 MB"
"1","     "
"1","Downloading: "
"1","11 MB"
"1","     "
"1","Downloading: "
"1","11 MB"
"1","     "
"1","Downloading: "
"1","11 MB"
"1","     "
"1","Downloading: "
"1","11 MB"
"1","     "
"1","Downloading: "
"1","11 MB"
"1","     "
"1","Downloading: "
"1","11 MB"
"1","     "
"1","Downloading: "
"1","11 MB"
"1","     "
"1","Downloading: "
"1","12 MB"
"1","     "
"1","Downloading: "
"1","12 MB"
"1","     "
"1","Downloading: "
"1","12 MB"
"1","     "
"1","Downloading: "
"1","12 MB"
"1","     "
"1","Downloading: "
"1","12 MB"
"1","     "
"1","Downloading: "
"1","12 MB"
"1","     "
"1","Downloading: "
"1","12 MB"
"1","     "
"1","Downloading: "
"1","12 MB"
"1","     "
"1","Downloading: "
"1","12 MB"
"1","     "
"1","Downloading: "
"1","12 MB"
"1","     "
"1","Downloading: "
"1","12 MB"
"1","     "
"1","Downloading: "
"1","12 MB"
"1","     "
"1","Downloading: "
"1","12 MB"
"1","     "
"1","Downloading: "
"1","12 MB"
"1","     "
"1","Downloading: "
"1","12 MB"
"1","     "
"1","Downloading: "
"1","12 MB"
"1","     "
"1","Downloading: "
"1","12 MB"
"1","     "
"1","Downloading: "
"1","12 MB"
"1","     "
"1","Downloading: "
"1","12 MB"
"1","     "
"1","Downloading: "
"1","12 MB"
"1","     "
"1","Downloading: "
"1","12 MB"
"1","     "
"1","Downloading: "
"1","12 MB"
"1","     "
"1","Downloading: "
"1","12 MB"
"1","     "
"1","Downloading: "
"1","12 MB"
"1","     "
"1","Downloading: "
"1","12 MB"
"1","     "
"1","Downloading: "
"1","12 MB"
"1","     "
"1","Downloading: "
"1","12 MB"
"1","     "
"1","Downloading: "
"1","12 MB"
"1","     "
"1","Downloading: "
"1","12 MB"
"1","     "
"1","Downloading: "
"1","12 MB"
"1","     "
"1","Downloading: "
"1","12 MB"
"1","     "
"1","Downloading: "
"1","12 MB"
"1","     "
"1","Downloading: "
"1","12 MB"
"1","     "
"1","Downloading: "
"1","12 MB"
"1","     "
"1","Downloading: "
"1","12 MB"
"1","     "
"1","Downloading: "
"1","12 MB"
"1","     "
"1","Downloading: "
"1","12 MB"
"1","     "
"1","Downloading: "
"1","12 MB"
"1","     "
"1","Downloading: "
"1","12 MB"
"1","     "
"1","Downloading: "
"1","12 MB"
"1","     "
"1","Downloading: "
"1","12 MB"
"1","     "
"1","Downloading: "
"1","12 MB"
"1","     "
"1","Downloading: "
"1","12 MB"
"1","     "
"1","Downloading: "
"1","12 MB"
"1","     "
"1","Downloading: "
"1","12 MB"
"1","     "
"1","Downloading: "
"1","12 MB"
"1","     "
"1","Downloading: "
"1","12 MB"
"1","     "
"1","Downloading: "
"1","12 MB"
"1","     "
"1","Downloading: "
"1","12 MB"
"1","     "
"1","Downloading: "
"1","12 MB"
"1","     "
"1","Downloading: "
"1","12 MB"
"1","     "
"1","Downloading: "
"1","12 MB"
"1","     "
"1","Downloading: "
"1","12 MB"
"1","     "
"1","Downloading: "
"1","12 MB"
"1","     "
"1","Downloading: "
"1","12 MB"
"1","     "
"1","Downloading: "
"1","12 MB"
"1","     "
"1","Downloading: "
"1","12 MB"
"1","     "
"1","Downloading: "
"1","12 MB"
"1","     "
"1","Downloading: "
"1","12 MB"
"1","     "
"1","Downloading: "
"1","12 MB"
"1","     "
"1","Downloading: "
"1","12 MB"
"1","     "
"1","Downloading: "
"1","12 MB"
"1","     "
"1","Downloading: "
"1","13 MB"
"1","     "
"1","Downloading: "
"1","13 MB"
"1","     "
"1","Downloading: "
"1","13 MB"
"1","     "
"1","Downloading: "
"1","13 MB"
"1","     "
"1","Downloading: "
"1","13 MB"
"1","     "
"1","Downloading: "
"1","13 MB"
"1","     "
"1","Downloading: "
"1","13 MB"
"1","     "
"1","Downloading: "
"1","13 MB"
"1","     "
"1","Downloading: "
"1","13 MB"
"1","     "
"1","Downloading: "
"1","13 MB"
"1","     "
"1","Downloading: "
"1","13 MB"
"1","     "
"1","Downloading: "
"1","13 MB"
"1","     "
"1","Downloading: "
"1","13 MB"
"1","     "
"1","Downloading: "
"1","13 MB"
"1","     "
"1","Downloading: "
"1","13 MB"
"1","     "
"1","Downloading: "
"1","13 MB"
"1","     "
"1","Downloading: "
"1","13 MB"
"1","     "
"1","Downloading: "
"1","13 MB"
"1","     "
"1","Downloading: "
"1","13 MB"
"1","     "
"1","Downloading: "
"1","13 MB"
"1","     "
"1","Downloading: "
"1","13 MB"
"1","     "
"1","Downloading: "
"1","13 MB"
"1","     "
"1","Downloading: "
"1","13 MB"
"1","     "
"1","Downloading: "
"1","13 MB"
"1","     "
"1","Downloading: "
"1","13 MB"
"1","     "
"1","Downloading: "
"1","13 MB"
"1","     "
